AFO005	1	001 (AFO005) 	 851333313 - B37 C	41.75457317	35
AFO005	1	001 (AFO005) 	 851434009 - B37 D	41.17310606	35
AFO005	1	001 (AFO005) 	 857586909 - B37 C schaWaPu	41.64230769	35
AFO005	1	001 (AFO005) 	 858070507 - B37 C15 TUE1	39.77121622	35
AFO005	1	001 (AFO005) 	 858114710 - B37 D schaWaPu	40.89307692	35
AFO005	1	001 (AFO005) 	 865091908 - B48 B20 TUE1	39.28055134	35
AFO005	1	001 (AFO005) 	 865091909 - B48 B20 TUE1	39.74709735	36
AFO005	1	001 (AFO005) 	 869972505 - B38 A15 TUE1	39.85316482	35
AFO005	1	001 (AFO005) 	 874202202 - B38 A15 TUE1 FTA	39.70513431	35
AFO010	1	001 (AFO010) 	 851333313 - B37 C	36.35315315	38
AFO010	1	001 (AFO010) 	 851434009 - B37 D	36.50488722	38
AFO010	1	001 (AFO010) 	 857586909 - B37 C schaWaPu	35.83176471	38
AFO010	1	001 (AFO010) 	 858070507 - B37 C15 TUE1	37.78033026	38
AFO010	1	001 (AFO010) 	 858114710 - B37 D schaWaPu	34.7754717	38
AFO010	1	001 (AFO010) 	 865091908 - B48 B20 TUE1	37.92717654	38
AFO010	1	001 (AFO010) 	 865091909 - B48 B20 TUE1	38.67944511	39
AFO010	1	001 (AFO010) 	 869972505 - B38 A15 TUE1	38.16657671	38
AFO010	1	001 (AFO010) 	 874202202 - B38 A15 TUE1 FTA	38.02012943	38
AFO020	1	001 (AFO030) 	 851333313 - B37 C	36.36059701	38
AFO020	1	001 (AFO030) 	 851434009 - B37 D	35.65488722	38
AFO020	1	001 (AFO030) 	 857586909 - B37 C schaWaPu	35.73617647	38
AFO020	1	001 (AFO030) 	 858070507 - B37 C15 TUE1	38.52134392	71
AFO020	1	001 (AFO030) 	 858114710 - B37 D schaWaPu	37.64108527	38
AFO020	1	001 (AFO030) 	 865091908 - B48 B20 TUE1	37.87237442	71
AFO020	1	001 (AFO030) 	 865091909 - B48 B20 TUE1	38.37483483	72
AFO020	1	001 (AFO030) 	 869972505 - B38 A15 TUE1	37.17424179	71
AFO020	1	001 (AFO030) 	 874202202 - B38 A15 TUE1 FTA	37.11958447	71
AFO020	1	002 (AFO035) 	 851333313 - B37 C	147.5522523	150
AFO020	1	002 (AFO035) 	 851434009 - B37 D	149.480303	150
AFO020	1	002 (AFO035) 	 857586909 - B37 C schaWaPu	152.4423358	153
AFO020	1	002 (AFO035) 	 858070507 - B37 C15 TUE1	166.5068332	169
AFO020	1	002 (AFO035) 	 858114710 - B37 D schaWaPu	151.2651163	153
AFO020	1	002 (AFO035) 	 865091908 - B48 B20 TUE1	171.7655183	182.5
AFO020	1	002 (AFO035) 	 865091909 - B48 B20 TUE1	174.7886792	183
AFO020	1	002 (AFO035) 	 869972505 - B38 A15 TUE1	165.8697143	168.5
AFO020	1	002 (AFO035) 	 874202202 - B38 A15 TUE1 FTA	166.8051316	168.5
AFO020	1	003 (AFO035) 	 851333313 - B37 C	148.9	150
AFO020	1	003 (AFO035) 	 851434009 - B37 D	159.4	150
AFO020	1	003 (AFO035) 	 857586909 - B37 C schaWaPu	152.8375	153
AFO020	1	003 (AFO035) 	 858070507 - B37 C15 TUE1	166.6066448	169
AFO020	1	003 (AFO035) 	 865091908 - B48 B20 TUE1	172.9173811	182.5
AFO020	1	003 (AFO035) 	 865091909 - B48 B20 TUE1	174.2418794	183
AFO020	1	003 (AFO035) 	 869972505 - B38 A15 TUE1	167.4450429	168.5
AFO020	1	003 (AFO035) 	 874202202 - B38 A15 TUE1 FTA	168.3547558	168.5
AFO020	1	004 (AFO035) 	 858070507 - B37 C15 TUE1	167.5176444	169
AFO020	1	004 (AFO035) 	 865091908 - B48 B20 TUE1	174.5203533	182.5
AFO020	1	004 (AFO035) 	 865091909 - B48 B20 TUE1	173.8831797	183
AFO020	1	004 (AFO035) 	 869972505 - B38 A15 TUE1	168.6444444	168.5
AFO020	1	004 (AFO035) 	 874202202 - B38 A15 TUE1 FTA	168.2469945	168.5
AFO020	1	005 (AFO035) 	 858070507 - B37 C15 TUE1	168.3111677	169
AFO020	1	005 (AFO035) 	 865091908 - B48 B20 TUE1	177.6714769	182.5
AFO020	1	005 (AFO035) 	 865091909 - B48 B20 TUE1	175.117096	183
AFO020	1	005 (AFO035) 	 869972505 - B38 A15 TUE1	168.7144007	168.5
AFO020	1	005 (AFO035) 	 874202202 - B38 A15 TUE1 FTA	169.0694277	168.5
AFO040	1	001 (AFO040) 	 851333313 - B37 C	199.8003953	196.5
AFO040	1	001 (AFO040) 	 851434009 - B37 D	193.6272727	196.5
AFO040	1	001 (AFO040) 	 857586909 - B37 C schaWaPu	201.2732824	195.5
AFO040	1	001 (AFO040) 	 858070507 - B37 C15 TUE1	196.3287162	192.5
AFO040	1	001 (AFO040) 	 858114710 - B37 D schaWaPu	188.7228346	195.5
AFO040	1	001 (AFO040) 	 865091908 - B48 B20 TUE1	226.5562222	235
AFO040	1	001 (AFO040) 	 865091909 - B48 B20 TUE1	230.4449627	235.5
AFO040	1	001 (AFO040) 	 869972505 - B38 A15 TUE1	203.3827822	207
AFO040	1	001 (AFO040) 	 874202202 - B38 A15 TUE1 FTA	204.5080071	207
AFO040	1	002 (AFO040) 	 851333313 - B37 C	196.4853659	196.5
AFO040	1	002 (AFO040) 	 851434009 - B37 D	192.5	196.5
AFO040	1	002 (AFO040) 	 857586909 - B37 C schaWaPu	195.4973684	195.5
AFO040	1	002 (AFO040) 	 858070507 - B37 C15 TUE1	195.0535528	192.5
AFO040	1	002 (AFO040) 	 865091908 - B48 B20 TUE1	228.701024	235
AFO040	1	002 (AFO040) 	 865091909 - B48 B20 TUE1	237.1910653	235.5
AFO040	1	002 (AFO040) 	 869972505 - B38 A15 TUE1	204.2639881	207
AFO040	1	002 (AFO040) 	 874202202 - B38 A15 TUE1 FTA	203.929742	207
AFO040	1	003 (AFO040) 	 858070507 - B37 C15 TUE1	194.1979978	192.5
AFO040	1	003 (AFO040) 	 865091908 - B48 B20 TUE1	231.6606942	235
AFO040	1	003 (AFO040) 	 865091909 - B48 B20 TUE1	233.3764228	235.5
AFO040	1	003 (AFO040) 	 869972505 - B38 A15 TUE1	205.8267961	207
AFO040	1	003 (AFO040) 	 874202202 - B38 A15 TUE1 FTA	206.4313694	207
AFO040	1	004 (AFO040) 	 858070507 - B37 C15 TUE1	193.9186047	192.5
AFO040	1	004 (AFO040) 	 865091908 - B48 B20 TUE1	225.7371176	235
AFO040	1	004 (AFO040) 	 865091909 - B48 B20 TUE1	227.3790141	235.5
AFO040	1	004 (AFO040) 	 869972505 - B38 A15 TUE1	205.3296221	207
AFO040	1	004 (AFO040) 	 874202202 - B38 A15 TUE1 FTA	204.4939739	207
AFO040	1	005 (AFO040) 	 858070507 - B37 C15 TUE1	193.7025513	192.5
AFO040	1	005 (AFO040) 	 865091908 - B48 B20 TUE1	229.4612685	235
AFO040	1	005 (AFO040) 	 865091909 - B48 B20 TUE1	229.902983	235.5
AFO040	1	005 (AFO040) 	 869972505 - B38 A15 TUE1	204.3524272	207
AFO040	1	005 (AFO040) 	 874202202 - B38 A15 TUE1 FTA	207.1471215	207
AFO050	1	001 (AFO050) 	 851333313 - B37 C	221.7743034	219.9
AFO050	1	001 (AFO050) 	 851434009 - B37 D	237.4057895	219.9
AFO050	1	001 (AFO050) 	 857586909 - B37 C schaWaPu	229.6242604	226.5
AFO050	1	001 (AFO050) 	 858070507 - B37 C15 TUE1	235.2072622	232.5
AFO050	1	001 (AFO050) 	 858114710 - B37 D schaWaPu	236.079918	226.5
AFO050	1	001 (AFO050) 	 865091908 - B48 B20 TUE1	272.3960762	270
AFO050	1	001 (AFO050) 	 865091909 - B48 B20 TUE1	272.3380829	270
AFO050	1	001 (AFO050) 	 869972505 - B38 A15 TUE1	232.3704185	230.5
AFO050	1	001 (AFO050) 	 874202202 - B38 A15 TUE1 FTA	229.282716	230.5
AFO050	1	002 (AFO050) 	 851333313 - B37 C	224.22	219.9
AFO050	1	002 (AFO050) 	 851434009 - B37 D	242.1391892	219.9
AFO050	1	002 (AFO050) 	 858070507 - B37 C15 TUE1	234.4183568	232.5
AFO050	1	002 (AFO050) 	 865091908 - B48 B20 TUE1	270.5345366	270
AFO050	1	002 (AFO050) 	 865091909 - B48 B20 TUE1	271.3057947	270
AFO050	1	002 (AFO050) 	 869972505 - B38 A15 TUE1	230.8496681	230.5
AFO050	1	002 (AFO050) 	 874202202 - B38 A15 TUE1 FTA	233.4389937	230.5
AFO050	1	003 (AFO050) 	 858070507 - B37 C15 TUE1	236.0057876	232.5
AFO050	1	003 (AFO050) 	 865091908 - B48 B20 TUE1	271.7450295	270
AFO050	1	003 (AFO050) 	 865091909 - B48 B20 TUE1	272.7414035	270
AFO050	1	003 (AFO050) 	 869972505 - B38 A15 TUE1	231.3170188	230.5
AFO050	1	003 (AFO050) 	 874202202 - B38 A15 TUE1 FTA	233.0024164	230.5
AFO050	1	004 (AFO050) 	 858070507 - B37 C15 TUE1	234.2320973	232.5
AFO050	1	004 (AFO050) 	 865091908 - B48 B20 TUE1	271.1632356	270
AFO050	1	004 (AFO050) 	 865091909 - B48 B20 TUE1	270.3085965	270
AFO050	1	004 (AFO050) 	 869972505 - B38 A15 TUE1	229.7307263	230.5
AFO050	1	004 (AFO050) 	 874202202 - B38 A15 TUE1 FTA	230.7030593	230.5
AFO050	1	005 (AFO050) 	 858070507 - B37 C15 TUE1	234.5552046	232.5
AFO050	1	005 (AFO050) 	 865091908 - B48 B20 TUE1	272.0825417	270
AFO050	1	005 (AFO050) 	 865091909 - B48 B20 TUE1	274.1625887	270
AFO050	1	005 (AFO050) 	 869972505 - B38 A15 TUE1	231.0498848	230.5
AFO050	1	005 (AFO050) 	 874202202 - B38 A15 TUE1 FTA	229.1341948	230.5
AFO050	1	006 (AFO050) 	 858070507 - B37 C15 TUE1	236.8162774	232.5
AFO050	1	006 (AFO050) 	 865091908 - B48 B20 TUE1	272.589478	270
AFO050	1	006 (AFO050) 	 865091909 - B48 B20 TUE1	275.2025292	270
AFO050	1	006 (AFO050) 	 869972505 - B38 A15 TUE1	237.8078125	230.5
AFO050	1	006 (AFO050) 	 874202202 - B38 A15 TUE1 FTA	233.3388889	230.5
AFO060	1	001 (AFO606) 	 557608701 - BLUMTASTER-AFO060	150.723913	420
AFO060	1	001 (AFO615) 	 851333313 - B37 C	190.0316456	190
AFO060	1	001 (AFO615) 	 851434009 - B37 D	190.030303	190
AFO060	1	001 (AFO615) 	 857586909 - B37 C schaWaPu	202.0932432	220
AFO060	1	001 (AFO615) 	 858070507 - B37 C15 TUE1	185.9136136	186
AFO060	1	001 (AFO615) 	 858114710 - B37 D schaWaPu	186.0894737	220
AFO060	1	001 (AFO615) 	 865091908 - B48 B20 TUE1	164.9583948	165
AFO060	1	001 (AFO615) 	 865091909 - B48 B20 TUE1	165.0458272	165
AFO060	1	001 (AFO615) 	 869972505 - B38 A15 TUE1	174.9518198	186
AFO060	1	001 (AFO615) 	 874202202 - B38 A15 TUE1 FTA	173.4094215	186
AFO060	1	001 (AFO619) 	 101937802 - B48 B20 EDN BBG 2.2	96.7	194
AFO060	1	001 (AFO619) 	 851333313 - B37 C	86.0875	86
AFO060	1	001 (AFO619) 	 851434009 - B37 D	86.1	86
AFO060	1	001 (AFO619) 	 857586909 - B37 C schaWaPu	86.06666667	86
AFO060	1	001 (AFO619) 	 858070507 - B37 C15 TUE1	86.14155844	86
AFO060	1	001 (AFO619) 	 865091908 - B48 B20 TUE1	87.017	194
AFO060	1	001 (AFO619) 	 865091909 - B48 B20 TUE1	90.43333333	194
AFO060	1	001 (AFO619) 	 869972505 - B38 A15 TUE1	86.08695652	86
AFO060	1	001 (AFO619) 	 874202202 - B38 A15 TUE1 FTA	86.08	86
AFO060	1	002 (AFO606) 	 557608701 - BLUMTASTER-AFO060	159.9837209	420
AFO060	1	002 (AFO615) 	 851333313 - B37 C	187.930137	190
AFO060	1	002 (AFO615) 	 851434009 - B37 D	186.9076923	190
AFO060	1	002 (AFO615) 	 857586909 - B37 C schaWaPu	193.6480519	220
AFO060	1	002 (AFO615) 	 858070507 - B37 C15 TUE1	185.749201	186
AFO060	1	002 (AFO615) 	 858114710 - B37 D schaWaPu	184.842	220
AFO060	1	002 (AFO615) 	 865091908 - B48 B20 TUE1	165.0818217	165
AFO060	1	002 (AFO615) 	 865091909 - B48 B20 TUE1	165.1398519	165
AFO060	1	002 (AFO615) 	 869972505 - B38 A15 TUE1	180.3794773	186
AFO060	1	002 (AFO615) 	 874202202 - B38 A15 TUE1 FTA	177.7645768	186
AFO060	1	002 (AFO616) 	 865091908 - B48 B20 TUE1	80.6	194
AFO060	1	002 (AFO619) 	 101937802 - B48 B20 EDN BBG 2.2	93.6	194
AFO060	1	002 (AFO619) 	 851333313 - B37 C	84.01666667	86
AFO060	1	002 (AFO619) 	 857586909 - B37 C schaWaPu	85.05	86
AFO060	1	002 (AFO619) 	 858070507 - B37 C15 TUE1	85.11030303	86
AFO060	1	002 (AFO619) 	 865091908 - B48 B20 TUE1	93.45024876	194
AFO060	1	002 (AFO619) 	 865091909 - B48 B20 TUE1	90.53333333	194
AFO060	1	002 (AFO619) 	 869972505 - B38 A15 TUE1	84.275	86
AFO060	1	002 (AFO619) 	 874202202 - B38 A15 TUE1 FTA	84.82307692	86
AFO060	1	003 (AFO606) 	 557608701 - BLUMTASTER-AFO060	171.0658537	420
AFO060	1	003 (AFO615) 	 851333313 - B37 C	190.2338028	190
AFO060	1	003 (AFO615) 	 851434009 - B37 D	190.5216216	190
AFO060	1	003 (AFO615) 	 857586909 - B37 C schaWaPu	200.5166667	220
AFO060	1	003 (AFO615) 	 858070507 - B37 C15 TUE1	186.3193023	186
AFO060	1	003 (AFO615) 	 858114710 - B37 D schaWaPu	186.0708333	220
AFO060	1	003 (AFO615) 	 865091908 - B48 B20 TUE1	165.0979583	165
AFO060	1	003 (AFO615) 	 865091909 - B48 B20 TUE1	165.5267635	165
AFO060	1	003 (AFO615) 	 869972505 - B38 A15 TUE1	179.4627002	186
AFO060	1	003 (AFO615) 	 874202202 - B38 A15 TUE1 FTA	176.9982729	186
AFO060	1	003 (AFO619) 	 101937802 - B48 B20 EDN BBG 2.2	81.86666667	194
AFO060	1	003 (AFO619) 	 851333313 - B37 C	85.12	86
AFO060	1	003 (AFO619) 	 851434009 - B37 D	84.425	86
AFO060	1	003 (AFO619) 	 857586909 - B37 C schaWaPu	81	86
AFO060	1	003 (AFO619) 	 858070507 - B37 C15 TUE1	85.875	86
AFO060	1	003 (AFO619) 	 865091908 - B48 B20 TUE1	89.28820225	194
AFO060	1	003 (AFO619) 	 865091909 - B48 B20 TUE1	95.68333333	194
AFO060	1	003 (AFO619) 	 869972505 - B38 A15 TUE1	85.06315789	86
AFO060	1	003 (AFO619) 	 874202202 - B38 A15 TUE1 FTA	89.66428571	86
AFO060	1	004 (AFO606) 	 557608701 - BLUMTASTER-AFO060	167.2789474	420
AFO060	1	004 (AFO615) 	 851333313 - B37 C	189.86	190
AFO060	1	004 (AFO615) 	 851434009 - B37 D	189.8981132	190
AFO060	1	004 (AFO615) 	 857586909 - B37 C schaWaPu	196.380303	220
AFO060	1	004 (AFO615) 	 858070507 - B37 C15 TUE1	186.2231987	186
AFO060	1	004 (AFO615) 	 858114710 - B37 D schaWaPu	191.25625	220
AFO060	1	004 (AFO615) 	 865091908 - B48 B20 TUE1	165.1340847	165
AFO060	1	004 (AFO615) 	 865091909 - B48 B20 TUE1	166.5318182	165
AFO060	1	004 (AFO615) 	 869972505 - B38 A15 TUE1	176.7921107	186
AFO060	1	004 (AFO615) 	 874202202 - B38 A15 TUE1 FTA	175.3773973	186
AFO060	1	004 (AFO616) 	 865091908 - B48 B20 TUE1	107.6	194
AFO060	1	004 (AFO619) 	 101937802 - B48 B20 EDN BBG 2.2	92.825	194
AFO060	1	004 (AFO619) 	 851333313 - B37 C	85.37777778	86
AFO060	1	004 (AFO619) 	 857586909 - B37 C schaWaPu	85.625	86
AFO060	1	004 (AFO619) 	 858070507 - B37 C15 TUE1	85.4163522	86
AFO060	1	004 (AFO619) 	 865091908 - B48 B20 TUE1	95.26243386	194
AFO060	1	004 (AFO619) 	 865091909 - B48 B20 TUE1	97.975	194
AFO060	1	004 (AFO619) 	 869972505 - B38 A15 TUE1	85.39615385	86
AFO060	1	004 (AFO619) 	 874202202 - B38 A15 TUE1 FTA	85.45882353	86
AFO060	1	005 (AFO606) 	 557608701 - BLUMTASTER-AFO060	163.9918919	420
AFO060	1	005 (AFO615) 	 851333313 - B37 C	190.0590164	190
AFO060	1	005 (AFO615) 	 851434009 - B37 D	189.4923077	190
AFO060	1	005 (AFO615) 	 857586909 - B37 C schaWaPu	196.0636364	220
AFO060	1	005 (AFO615) 	 858070507 - B37 C15 TUE1	186.0893103	186
AFO060	1	005 (AFO615) 	 858114710 - B37 D schaWaPu	185.5833333	220
AFO060	1	005 (AFO615) 	 865091908 - B48 B20 TUE1	165.1406685	165
AFO060	1	005 (AFO615) 	 865091909 - B48 B20 TUE1	165.0913765	165
AFO060	1	005 (AFO615) 	 869972505 - B38 A15 TUE1	176.2917857	186
AFO060	1	005 (AFO615) 	 874202202 - B38 A15 TUE1 FTA	174.2699463	186
AFO060	1	005 (AFO616) 	 858070507 - B37 C15 TUE1	84.1	86
AFO060	1	005 (AFO619) 	 101937802 - B48 B20 EDN BBG 2.2	85.55	194
AFO060	1	005 (AFO619) 	 851333313 - B37 C	85.53333333	86
AFO060	1	005 (AFO619) 	 851434009 - B37 D	85	86
AFO060	1	005 (AFO619) 	 857586909 - B37 C schaWaPu	84	86
AFO060	1	005 (AFO619) 	 858070507 - B37 C15 TUE1	84.81935484	86
AFO060	1	005 (AFO619) 	 858114710 - B37 D schaWaPu	84.5	86
AFO060	1	005 (AFO619) 	 865091908 - B48 B20 TUE1	92.05801887	194
AFO060	1	005 (AFO619) 	 865091909 - B48 B20 TUE1	88.7	194
AFO060	1	005 (AFO619) 	 869972505 - B38 A15 TUE1	84.10666667	86
AFO060	1	005 (AFO619) 	 874202202 - B38 A15 TUE1 FTA	84.62857143	86
AFO060	2	001 (AFO603) 	 851333313 - B37 C	93.73333333	86
AFO060	2	001 (AFO603) 	 851434009 - B37 D	94.45	86
AFO060	2	001 (AFO603) 	 857586909 - B37 C schaWaPu	86.1	86
AFO060	2	001 (AFO603) 	 858070507 - B37 C15 TUE1	86.1	86
AFO060	2	001 (AFO603) 	 858114710 - B37 D schaWaPu	86.1	86
AFO060	2	001 (AFO603) 	 865091908 - B48 B20 TUE1	121.7125	122
AFO060	2	001 (AFO603) 	 865091909 - B48 B20 TUE1	122.1	122
AFO060	2	001 (AFO603) 	 869972505 - B38 A15 TUE1	86.1	86
AFO060	2	001 (AFO603) 	 874202202 - B38 A15 TUE1 FTA	86.1	86
AFO060	2	001 (AFO604) 	 851333313 - B37 C	86.1	86
AFO060	2	001 (AFO604) 	 851434009 - B37 D	86.1	86
AFO060	2	001 (AFO604) 	 857586909 - B37 C schaWaPu	86.1	86
AFO060	2	001 (AFO604) 	 858070507 - B37 C15 TUE1	86.1	86
AFO060	2	001 (AFO604) 	 858114710 - B37 D schaWaPu	86.1	86
AFO060	2	001 (AFO604) 	 865091908 - B48 B20 TUE1	122.1776596	122
AFO060	2	001 (AFO604) 	 865091909 - B48 B20 TUE1	122.1	122
AFO060	2	001 (AFO604) 	 869972505 - B38 A15 TUE1	87.4969697	86
AFO060	2	001 (AFO604) 	 874202202 - B38 A15 TUE1 FTA	86.1	86
AFO060	2	001 (AFO605) 	 851333313 - B37 C	105.4141509	105
AFO060	2	001 (AFO605) 	 851434009 - B37 D	105.297619	105
AFO060	2	001 (AFO605) 	 857586909 - B37 C schaWaPu	86.23730159	86
AFO060	2	001 (AFO605) 	 858070507 - B37 C15 TUE1	86.12368504	86
AFO060	2	001 (AFO605) 	 858114710 - B37 D schaWaPu	105.1298851	86
AFO060	2	001 (AFO605) 	 865091908 - B48 B20 TUE1	116.1673266	116
AFO060	2	001 (AFO605) 	 865091909 - B48 B20 TUE1	116.0268012	116
AFO060	2	001 (AFO605) 	 869972505 - B38 A15 TUE1	86.09588627	86
AFO060	2	001 (AFO605) 	 874202202 - B38 A15 TUE1 FTA	86.16092977	86
AFO060	2	001 (AFO609) 	 851333313 - B37 C	86.08333333	86
AFO060	2	001 (AFO609) 	 851434009 - B37 D	105.1	86
AFO060	2	001 (AFO609) 	 857586909 - B37 C schaWaPu	86.1	86
AFO060	2	001 (AFO609) 	 858070507 - B37 C15 TUE1	87.96226415	86
AFO060	2	001 (AFO609) 	 858114710 - B37 D schaWaPu	105.1	86
AFO060	2	001 (AFO609) 	 865091908 - B48 B20 TUE1	142.5378641	142
AFO060	2	001 (AFO609) 	 865091909 - B48 B20 TUE1	142.0944444	142
AFO060	2	001 (AFO609) 	 869972505 - B38 A15 TUE1	86.74230769	86
AFO060	2	001 (AFO609) 	 874202202 - B38 A15 TUE1 FTA	90.075	86
AFO060	2	001 (AFO610) 	 851333313 - B37 C	86.1	86
AFO060	2	001 (AFO610) 	 851434009 - B37 D	86.1	86
AFO060	2	001 (AFO610) 	 857586909 - B37 C schaWaPu	86.1	86
AFO060	2	001 (AFO610) 	 858070507 - B37 C15 TUE1	87.02183908	86
AFO060	2	001 (AFO610) 	 858114710 - B37 D schaWaPu	86.1	86
AFO060	2	001 (AFO610) 	 865091908 - B48 B20 TUE1	125.504918	125
AFO060	2	001 (AFO610) 	 865091909 - B48 B20 TUE1	125.1	125
AFO060	2	001 (AFO610) 	 869972505 - B38 A15 TUE1	86.1	86
AFO060	2	001 (AFO610) 	 874202202 - B38 A15 TUE1 FTA	88.61764706	86
AFO060	2	001 (AFO611) 	 851333313 - B37 C	86.075	86
AFO060	2	001 (AFO611) 	 851434009 - B37 D	86.1	86
AFO060	2	001 (AFO611) 	 857586909 - B37 C schaWaPu	86.1	86
AFO060	2	001 (AFO611) 	 858070507 - B37 C15 TUE1	86.1	86
AFO060	2	001 (AFO611) 	 858114710 - B37 D schaWaPu	86.1	86
AFO060	2	001 (AFO611) 	 865091908 - B48 B20 TUE1	86.1	86
AFO060	2	001 (AFO611) 	 865091909 - B48 B20 TUE1	86.1	86
AFO060	2	001 (AFO611) 	 869972505 - B38 A15 TUE1	86.1	86
AFO060	2	001 (AFO611) 	 874202202 - B38 A15 TUE1 FTA	86.1	86
AFO060	2	001 (AFO613) 	 851333313 - B37 C	86.43454545	86
AFO060	2	001 (AFO613) 	 851434009 - B37 D	86.23111111	86
AFO060	2	001 (AFO613) 	 857586909 - B37 C schaWaPu	85.68952381	86
AFO060	2	001 (AFO613) 	 858070507 - B37 C15 TUE1	86.11016949	86
AFO060	2	001 (AFO613) 	 858114710 - B37 D schaWaPu	86.1	86
AFO060	2	001 (AFO613) 	 865091908 - B48 B20 TUE1	86.13768116	86
AFO060	2	001 (AFO613) 	 865091909 - B48 B20 TUE1	86.1	86
AFO060	2	001 (AFO613) 	 869972505 - B38 A15 TUE1	86.1	86
AFO060	2	001 (AFO613) 	 874202202 - B38 A15 TUE1 FTA	86.1	86
AFO060	2	002 (AFO603) 	 851333313 - B37 C	86.1	86
AFO060	2	002 (AFO603) 	 851434009 - B37 D	86.1	86
AFO060	2	002 (AFO603) 	 857586909 - B37 C schaWaPu	86.1	86
AFO060	2	002 (AFO603) 	 858070507 - B37 C15 TUE1	86.09393939	86
AFO060	2	002 (AFO603) 	 858114710 - B37 D schaWaPu	86.1	86
AFO060	2	002 (AFO603) 	 865091908 - B48 B20 TUE1	106.6716049	122
AFO060	2	002 (AFO603) 	 865091909 - B48 B20 TUE1	106.3076923	122
AFO060	2	002 (AFO603) 	 869972505 - B38 A15 TUE1	86.092	86
AFO060	2	002 (AFO603) 	 874202202 - B38 A15 TUE1 FTA	86.08	86
AFO060	2	002 (AFO604) 	 851333313 - B37 C	86.1	86
AFO060	2	002 (AFO604) 	 851434009 - B37 D	86.08	86
AFO060	2	002 (AFO604) 	 857586909 - B37 C schaWaPu	86.1	86
AFO060	2	002 (AFO604) 	 858070507 - B37 C15 TUE1	86.353125	86
AFO060	2	002 (AFO604) 	 858114710 - B37 D schaWaPu	86.1	86
AFO060	2	002 (AFO604) 	 865091908 - B48 B20 TUE1	106.8506912	122
AFO060	2	002 (AFO604) 	 865091909 - B48 B20 TUE1	107.4870968	122
AFO060	2	002 (AFO604) 	 869972505 - B38 A15 TUE1	86.09583333	86
AFO060	2	002 (AFO604) 	 874202202 - B38 A15 TUE1 FTA	86.07916667	86
AFO060	2	002 (AFO605) 	 851333313 - B37 C	89.52631579	105
AFO060	2	002 (AFO605) 	 851434009 - B37 D	88.90416667	105
AFO060	2	002 (AFO605) 	 857586909 - B37 C schaWaPu	86.07663551	86
AFO060	2	002 (AFO605) 	 858070507 - B37 C15 TUE1	86.14018868	86
AFO060	2	002 (AFO605) 	 858114710 - B37 D schaWaPu	90.18421053	86
AFO060	2	002 (AFO605) 	 865091908 - B48 B20 TUE1	103.8806179	116
AFO060	2	002 (AFO605) 	 865091909 - B48 B20 TUE1	104.0611785	116
AFO060	2	002 (AFO605) 	 869972505 - B38 A15 TUE1	86.01261905	86
AFO060	2	002 (AFO605) 	 874202202 - B38 A15 TUE1 FTA	86.15681818	86
AFO060	2	002 (AFO609) 	 851333313 - B37 C	86.1	86
AFO060	2	002 (AFO609) 	 851434009 - B37 D	105.1	86
AFO060	2	002 (AFO609) 	 857586909 - B37 C schaWaPu	86.06666667	86
AFO060	2	002 (AFO609) 	 858070507 - B37 C15 TUE1	86.09285714	86
AFO060	2	002 (AFO609) 	 858114710 - B37 D schaWaPu	105.1	86
AFO060	2	002 (AFO609) 	 865091908 - B48 B20 TUE1	129.368	142
AFO060	2	002 (AFO609) 	 865091909 - B48 B20 TUE1	130.3166667	142
AFO060	2	002 (AFO609) 	 869972505 - B38 A15 TUE1	86.1	86
AFO060	2	002 (AFO609) 	 874202202 - B38 A15 TUE1 FTA	86.42857143	86
AFO060	2	002 (AFO610) 	 851333313 - B37 C	86.1	86
AFO060	2	002 (AFO610) 	 851434009 - B37 D	86.1	86
AFO060	2	002 (AFO610) 	 857586909 - B37 C schaWaPu	86.1	86
AFO060	2	002 (AFO610) 	 858070507 - B37 C15 TUE1	86.09302326	86
AFO060	2	002 (AFO610) 	 858114710 - B37 D schaWaPu	86.1	86
AFO060	2	002 (AFO610) 	 865091908 - B48 B20 TUE1	125.4474638	125
AFO060	2	002 (AFO610) 	 865091909 - B48 B20 TUE1	125.00625	125
AFO060	2	002 (AFO610) 	 869972505 - B38 A15 TUE1	86.0952381	86
AFO060	2	002 (AFO610) 	 874202202 - B38 A15 TUE1 FTA	86.08723404	86
AFO060	2	002 (AFO611) 	 851333313 - B37 C	86.1	86
AFO060	2	002 (AFO611) 	 851434009 - B37 D	86.1	86
AFO060	2	002 (AFO611) 	 857586909 - B37 C schaWaPu	86.1	86
AFO060	2	002 (AFO611) 	 858070507 - B37 C15 TUE1	86.09090909	86
AFO060	2	002 (AFO611) 	 858114710 - B37 D schaWaPu	86.1	86
AFO060	2	002 (AFO611) 	 865091908 - B48 B20 TUE1	86.09583333	86
AFO060	2	002 (AFO611) 	 865091909 - B48 B20 TUE1	86.1	86
AFO060	2	002 (AFO611) 	 869972505 - B38 A15 TUE1	86.05	86
AFO060	2	002 (AFO611) 	 874202202 - B38 A15 TUE1 FTA	86.1	86
AFO060	2	002 (AFO613) 	 851333313 - B37 C	84.95555556	86
AFO060	2	002 (AFO613) 	 851434009 - B37 D	86.09090909	86
AFO060	2	002 (AFO613) 	 857586909 - B37 C schaWaPu	86.0972973	86
AFO060	2	002 (AFO613) 	 858070507 - B37 C15 TUE1	86.09655172	86
AFO060	2	002 (AFO613) 	 858114710 - B37 D schaWaPu	86.06666667	86
AFO060	2	002 (AFO613) 	 865091908 - B48 B20 TUE1	86.12808989	86
AFO060	2	002 (AFO613) 	 865091909 - B48 B20 TUE1	86.1	86
AFO060	2	002 (AFO613) 	 869972505 - B38 A15 TUE1	86.24705882	86
AFO060	2	002 (AFO613) 	 874202202 - B38 A15 TUE1 FTA	86.1	86
AFO060	2	003 (AFO603) 	 851434009 - B37 D	86.1	86
AFO060	2	003 (AFO603) 	 857586909 - B37 C schaWaPu	86.1	86
AFO060	2	003 (AFO603) 	 858070507 - B37 C15 TUE1	86.25238095	86
AFO060	2	003 (AFO603) 	 865091908 - B48 B20 TUE1	112.6163934	122
AFO060	2	003 (AFO603) 	 865091909 - B48 B20 TUE1	112.6375	122
AFO060	2	003 (AFO603) 	 869972505 - B38 A15 TUE1	86.1	86
AFO060	2	003 (AFO603) 	 874202202 - B38 A15 TUE1 FTA	86.1	86
AFO060	2	003 (AFO604) 	 851333313 - B37 C	86.1	86
AFO060	2	003 (AFO604) 	 851434009 - B37 D	86.1	86
AFO060	2	003 (AFO604) 	 857586909 - B37 C schaWaPu	86.1	86
AFO060	2	003 (AFO604) 	 858070507 - B37 C15 TUE1	86.21136364	86
AFO060	2	003 (AFO604) 	 858114710 - B37 D schaWaPu	86.1	86
AFO060	2	003 (AFO604) 	 865091908 - B48 B20 TUE1	112.7096257	122
AFO060	2	003 (AFO604) 	 865091909 - B48 B20 TUE1	111.5923077	122
AFO060	2	003 (AFO604) 	 869972505 - B38 A15 TUE1	86.54186047	86
AFO060	2	003 (AFO604) 	 874202202 - B38 A15 TUE1 FTA	86.08	86
AFO060	2	003 (AFO605) 	 851333313 - B37 C	95.18660714	105
AFO060	2	003 (AFO605) 	 851434009 - B37 D	95.51294118	105
AFO060	2	003 (AFO605) 	 857586909 - B37 C schaWaPu	86.83333333	86
AFO060	2	003 (AFO605) 	 858070507 - B37 C15 TUE1	86.06837157	86
AFO060	2	003 (AFO605) 	 858114710 - B37 D schaWaPu	97.04868421	86
AFO060	2	003 (AFO605) 	 865091908 - B48 B20 TUE1	108.3335265	116
AFO060	2	003 (AFO605) 	 865091909 - B48 B20 TUE1	109.7759184	116
AFO060	2	003 (AFO605) 	 869972505 - B38 A15 TUE1	86.0973613	86
AFO060	2	003 (AFO605) 	 874202202 - B38 A15 TUE1 FTA	86.05787746	86
AFO060	2	003 (AFO609) 	 851333313 - B37 C	86.1	86
AFO060	2	003 (AFO609) 	 851434009 - B37 D	105.1	86
AFO060	2	003 (AFO609) 	 857586909 - B37 C schaWaPu	86.1	86
AFO060	2	003 (AFO609) 	 858070507 - B37 C15 TUE1	86.14893617	86
AFO060	2	003 (AFO609) 	 858114710 - B37 D schaWaPu	105.1	86
AFO060	2	003 (AFO609) 	 865091908 - B48 B20 TUE1	136.8979381	142
AFO060	2	003 (AFO609) 	 865091909 - B48 B20 TUE1	138.1111111	142
AFO060	2	003 (AFO609) 	 869972505 - B38 A15 TUE1	86.10952381	86
AFO060	2	003 (AFO609) 	 874202202 - B38 A15 TUE1 FTA	86.08666667	86
AFO060	2	003 (AFO610) 	 851333313 - B37 C	86.1	86
AFO060	2	003 (AFO610) 	 851434009 - B37 D	86.1	86
AFO060	2	003 (AFO610) 	 857586909 - B37 C schaWaPu	86.1	86
AFO060	2	003 (AFO610) 	 858070507 - B37 C15 TUE1	84.76923077	86
AFO060	2	003 (AFO610) 	 865091908 - B48 B20 TUE1	125.1045455	125
AFO060	2	003 (AFO610) 	 865091909 - B48 B20 TUE1	125.0190476	125
AFO060	2	003 (AFO610) 	 869972505 - B38 A15 TUE1	86.09454545	86
AFO060	2	003 (AFO610) 	 874202202 - B38 A15 TUE1 FTA	86.09047619	86
AFO060	2	003 (AFO611) 	 857586909 - B37 C schaWaPu	86.1	86
AFO060	2	003 (AFO611) 	 858070507 - B37 C15 TUE1	84.26363636	86
AFO060	2	003 (AFO611) 	 858114710 - B37 D schaWaPu	86.1	86
AFO060	2	003 (AFO611) 	 865091908 - B48 B20 TUE1	86.09310345	86
AFO060	2	003 (AFO611) 	 865091909 - B48 B20 TUE1	86.1	86
AFO060	2	003 (AFO611) 	 869972505 - B38 A15 TUE1	86.1	86
AFO060	2	003 (AFO611) 	 874202202 - B38 A15 TUE1 FTA	86.1	86
AFO060	2	003 (AFO613) 	 851333313 - B37 C	86.18269231	86
AFO060	2	003 (AFO613) 	 851434009 - B37 D	86.12933333	86
AFO060	2	003 (AFO613) 	 857586909 - B37 C schaWaPu	86.0720339	86
AFO060	2	003 (AFO613) 	 858070507 - B37 C15 TUE1	86.09807692	86
AFO060	2	003 (AFO613) 	 858114710 - B37 D schaWaPu	86.1	86
AFO060	2	003 (AFO613) 	 865091908 - B48 B20 TUE1	86.27875	86
AFO060	2	003 (AFO613) 	 865091909 - B48 B20 TUE1	86.09	86
AFO060	2	003 (AFO613) 	 869972505 - B38 A15 TUE1	86.07857143	86
AFO060	2	003 (AFO613) 	 874202202 - B38 A15 TUE1 FTA	86.41428571	86
AFO070	1	003 (AFO070) 	 851333313 - B37 C	34.45903614	35
AFO070	1	003 (AFO070) 	 851434009 - B37 D	33.51245283	35
AFO070	1	003 (AFO070) 	 857586909 - B37 C schaWaPu	33.42814371	35
AFO070	1	003 (AFO070) 	 858114710 - B37 D schaWaPu	33.48813559	35
AFO070	1	004 (AFO070) 	 858070507 - B37 C15 TUE1	36.51352721	40.9
AFO070	1	004 (AFO070) 	 865091908 - B48 B20 TUE1	37.20697578	38
AFO070	1	004 (AFO070) 	 865091909 - B48 B20 TUE1	37.40674051	38
AFO070	1	004 (AFO070) 	 869972505 - B38 A15 TUE1	33.93678423	38
AFO070	1	004 (AFO070) 	 874202202 - B38 A15 TUE1 FTA	33.90914364	38
AFO080	1	001 (AFO080) 	 851333313 - B37 C	16.06	36.7
AFO080	1	001 (AFO080) 	 851434009 - B37 D	15.75871212	36.7
AFO080	1	001 (AFO080) 	 857586909 - B37 C schaWaPu	16.23154762	38
AFO080	1	001 (AFO080) 	 858070507 - B37 C15 TUE1	15.96630519	36.7
AFO080	1	001 (AFO080) 	 858114710 - B37 D schaWaPu	15.8034632	38
AFO080	1	001 (AFO080) 	 865091908 - B48 B20 TUE1	15.94280863	36.7
AFO080	1	001 (AFO080) 	 865091909 - B48 B20 TUE1	15.80405275	36.7
AFO080	1	001 (AFO080) 	 869972505 - B38 A15 TUE1	15.97929387	36.7
AFO080	1	001 (AFO080) 	 874202202 - B38 A15 TUE1 FTA	16.16181129	36.7
AFO080	1	001 (AFO080) 	 999995701 - Meister B48 B20 TUE1	16.02	36.7
AFO080	1	002 (AFO082) 	 851333313 - B37 C	37.19583333	36.7
AFO080	1	002 (AFO082) 	 851434009 - B37 D	36.32633588	36.7
AFO080	1	002 (AFO082) 	 857586909 - B37 C schaWaPu	35.95042017	38
AFO080	1	002 (AFO082) 	 858070507 - B37 C15 TUE1	36.46757683	36.7
AFO080	1	002 (AFO082) 	 858114710 - B37 D schaWaPu	36.21929825	38
AFO080	1	002 (AFO082) 	 865091908 - B48 B20 TUE1	36.05821161	36.7
AFO080	1	002 (AFO082) 	 865091909 - B48 B20 TUE1	36.00022552	36.7
AFO080	1	002 (AFO082) 	 869972505 - B38 A15 TUE1	36.53217175	36.7
AFO080	1	002 (AFO082) 	 874202202 - B38 A15 TUE1 FTA	36.13123072	36.7
AFO090	1	001 (AFO090) 	 851333313 - B37 C	211.3271903	205
AFO090	1	001 (AFO090) 	 851434009 - B37 D	227.2784091	205
AFO090	1	001 (AFO090) 	 857586909 - B37 C schaWaPu	214.3538462	212
AFO090	1	001 (AFO090) 	 858070507 - B37 C15 TUE1	220.562655	217.5
AFO090	1	001 (AFO090) 	 858114710 - B37 D schaWaPu	225.7801802	212
AFO090	1	001 (AFO090) 	 865091908 - B48 B20 TUE1	270.5928691	270
AFO090	1	001 (AFO090) 	 865091909 - B48 B20 TUE1	259.7928218	270.5
AFO090	1	001 (AFO090) 	 869972505 - B38 A15 TUE1	224.7456323	222
AFO090	1	001 (AFO090) 	 874202202 - B38 A15 TUE1 FTA	225.51841	222
AFO090	1	002 (AFO090) 	 851333313 - B37 C	205	205
AFO090	1	002 (AFO090) 	 851434009 - B37 D	227	205
AFO090	1	002 (AFO090) 	 858070507 - B37 C15 TUE1	219.3696188	217.5
AFO090	1	002 (AFO090) 	 865091908 - B48 B20 TUE1	272.2735619	270
AFO090	1	002 (AFO090) 	 865091909 - B48 B20 TUE1	254.2359725	270.5
AFO090	1	002 (AFO090) 	 869972505 - B38 A15 TUE1	224.3156425	222
AFO090	1	002 (AFO090) 	 874202202 - B38 A15 TUE1 FTA	222.2356747	222
AFO090	1	003 (AFO090) 	 858070507 - B37 C15 TUE1	221.8803419	217.5
AFO090	1	003 (AFO090) 	 865091908 - B48 B20 TUE1	272.8365939	270
AFO090	1	003 (AFO090) 	 865091909 - B48 B20 TUE1	255.9504409	270.5
AFO090	1	003 (AFO090) 	 869972505 - B38 A15 TUE1	224.2915836	222
AFO090	1	003 (AFO090) 	 874202202 - B38 A15 TUE1 FTA	227.9984906	222
AFO090	1	004 (AFO090) 	 858070507 - B37 C15 TUE1	222.7211709	217.5
AFO090	1	004 (AFO090) 	 865091908 - B48 B20 TUE1	272.2127971	270
AFO090	1	004 (AFO090) 	 865091909 - B48 B20 TUE1	260.9138434	270.5
AFO090	1	004 (AFO090) 	 869972505 - B38 A15 TUE1	230.5479112	222
AFO090	1	004 (AFO090) 	 874202202 - B38 A15 TUE1 FTA	225.5277433	222
AFO090	1	005 (AFO090) 	 858070507 - B37 C15 TUE1	223.8871508	217.5
AFO090	1	005 (AFO090) 	 865091908 - B48 B20 TUE1	273.100813	270
AFO090	1	005 (AFO090) 	 865091909 - B48 B20 TUE1	255.3765408	270.5
AFO090	1	005 (AFO090) 	 869972505 - B38 A15 TUE1	224.85511	222
AFO090	1	005 (AFO090) 	 874202202 - B38 A15 TUE1 FTA	226.1848156	222
AFO090	1	006 (AFO090) 	 858070507 - B37 C15 TUE1	221.1277008	217.5
AFO090	1	006 (AFO090) 	 865091908 - B48 B20 TUE1	275.3914339	270
AFO090	1	006 (AFO090) 	 865091909 - B48 B20 TUE1	259.7940928	270.5
AFO090	1	006 (AFO090) 	 869972505 - B38 A15 TUE1	223.5946176	222
AFO090	1	006 (AFO090) 	 874202202 - B38 A15 TUE1 FTA	227.1563855	222
AFO100	1	001 (AFO100) 	 851333313 - B37 C	239.4017422	232.5
AFO100	1	001 (AFO100) 	 851434009 - B37 D	238.9410156	232.5
AFO100	1	001 (AFO100) 	 857586909 - B37 C schaWaPu	245.8996774	238.5
AFO100	1	001 (AFO100) 	 858070507 - B37 C15 TUE1	240.3153094	236
AFO100	1	001 (AFO100) 	 858114710 - B37 D schaWaPu	247.0643519	238.5
AFO100	1	001 (AFO100) 	 865091908 - B48 B20 TUE1	280.4284354	277.5
AFO100	1	001 (AFO100) 	 865091909 - B48 B20 TUE1	308.9191011	315
AFO100	1	001 (AFO100) 	 869972505 - B38 A15 TUE1	245.8240523	255.5
AFO100	1	001 (AFO100) 	 874202202 - B38 A15 TUE1 FTA	248.6771784	255.5
AFO100	1	002 (AFO100) 	 851333313 - B37 C	236.1916667	232.5
AFO100	1	002 (AFO100) 	 851434009 - B37 D	252.9666667	232.5
AFO100	1	002 (AFO100) 	 857586909 - B37 C schaWaPu	244.17	238.5
AFO100	1	002 (AFO100) 	 858070507 - B37 C15 TUE1	240.6198659	236
AFO100	1	002 (AFO100) 	 865091908 - B48 B20 TUE1	278.0350076	277.5
AFO100	1	002 (AFO100) 	 865091909 - B48 B20 TUE1	309.2856061	315
AFO100	1	002 (AFO100) 	 869972505 - B38 A15 TUE1	244.377685	255.5
AFO100	1	002 (AFO100) 	 874202202 - B38 A15 TUE1 FTA	246.2140594	255.5
AFO100	1	003 (AFO100) 	 858070507 - B37 C15 TUE1	240.5230164	236
AFO100	1	003 (AFO100) 	 865091908 - B48 B20 TUE1	279.7756224	277.5
AFO100	1	003 (AFO100) 	 865091909 - B48 B20 TUE1	310.370082	315
AFO100	1	003 (AFO100) 	 869972505 - B38 A15 TUE1	245.0128205	255.5
AFO100	1	003 (AFO100) 	 874202202 - B38 A15 TUE1 FTA	245.2348178	255.5
AFO100	1	004 (AFO100) 	 858070507 - B37 C15 TUE1	240.3436232	236
AFO100	1	004 (AFO100) 	 865091908 - B48 B20 TUE1	281.0928019	277.5
AFO100	1	004 (AFO100) 	 865091909 - B48 B20 TUE1	305.2221649	315
AFO100	1	004 (AFO100) 	 869972505 - B38 A15 TUE1	247.4111794	255.5
AFO100	1	004 (AFO100) 	 874202202 - B38 A15 TUE1 FTA	249.6961538	255.5
AFO100	1	005 (AFO100) 	 858070507 - B37 C15 TUE1	241.5550268	236
AFO100	1	005 (AFO100) 	 865091908 - B48 B20 TUE1	279.4600533	277.5
AFO100	1	005 (AFO100) 	 865091909 - B48 B20 TUE1	310.9126819	315
AFO100	1	005 (AFO100) 	 869972505 - B38 A15 TUE1	247.380464	255.5
AFO100	1	005 (AFO100) 	 874202202 - B38 A15 TUE1 FTA	246.7244726	255.5
AFO100	1	006 (AFO100) 	 858070507 - B37 C15 TUE1	241.8971257	236
AFO100	1	006 (AFO100) 	 865091908 - B48 B20 TUE1	279.2178836	277.5
AFO100	1	006 (AFO100) 	 865091909 - B48 B20 TUE1	309.4579295	315
AFO100	1	006 (AFO100) 	 869972505 - B38 A15 TUE1	246.3587719	255.5
AFO100	1	006 (AFO100) 	 874202202 - B38 A15 TUE1 FTA	243.9698031	255.5
AFO100	1	007 (AFO100) 	 865091908 - B48 B20 TUE1	251.7167727	277.5
AFO100	1	007 (AFO100) 	 865091909 - B48 B20 TUE1	228.6656051	315
AFO110	1	001 (AFO110) 	 851333313 - B37 C	68.74285714	68
AFO110	1	001 (AFO110) 	 851434009 - B37 D	68.1	68
AFO110	1	001 (AFO110) 	 858070507 - B37 C15 TUE1	73.70199674	68
AFO110	1	001 (AFO110) 	 858114710 - B37 D schaWaPu	68.1	68
AFO110	1	001 (AFO110) 	 865091908 - B48 B20 TUE1	68.82728464	68
AFO110	1	001 (AFO110) 	 865091909 - B48 B20 TUE1	68.79580348	68
AFO110	1	001 (AFO110) 	 869972505 - B38 A15 TUE1	68.28997756	68
AFO110	1	001 (AFO110) 	 874202202 - B38 A15 TUE1 FTA	68.4888131	68
AFO110	1	002 (AFO110) 	 851333313 - B37 C	73.45714286	68
AFO110	1	002 (AFO110) 	 851434009 - B37 D	68.1	68
AFO110	1	002 (AFO110) 	 858070507 - B37 C15 TUE1	74.21600366	68
AFO110	1	002 (AFO110) 	 858114710 - B37 D schaWaPu	69.85384615	68
AFO110	1	002 (AFO110) 	 865091908 - B48 B20 TUE1	68.66001695	68
AFO110	1	002 (AFO110) 	 865091909 - B48 B20 TUE1	68.42993197	68
AFO110	1	002 (AFO110) 	 869972505 - B38 A15 TUE1	68.37051546	68
AFO110	1	002 (AFO110) 	 874202202 - B38 A15 TUE1 FTA	70.381125	68
AFO110	1	003 (AFO110) 	 851333313 - B37 C	82.14367089	68
AFO110	1	003 (AFO110) 	 851434009 - B37 D	72.29140625	68
AFO110	1	003 (AFO110) 	 857586909 - B37 C schaWaPu	68.85325444	68
AFO110	1	003 (AFO110) 	 858070507 - B37 C15 TUE1	77.9041704	68
AFO110	1	003 (AFO110) 	 858114710 - B37 D schaWaPu	80.87119565	68
AFO110	1	003 (AFO110) 	 865091908 - B48 B20 TUE1	68.56328725	68
AFO110	1	003 (AFO110) 	 865091909 - B48 B20 TUE1	69.55523416	68
AFO110	1	003 (AFO110) 	 869972505 - B38 A15 TUE1	68.25533981	68
AFO110	1	003 (AFO110) 	 874202202 - B38 A15 TUE1 FTA	68.64031008	68
AFO110	1	004 (AFO110) 	 851333313 - B37 C	72.27575758	68
AFO110	1	004 (AFO110) 	 851434009 - B37 D	71.23129771	68
AFO110	1	004 (AFO110) 	 857586909 - B37 C schaWaPu	70.9253012	68
AFO110	1	004 (AFO110) 	 858070507 - B37 C15 TUE1	75.89366416	68
AFO110	1	004 (AFO110) 	 858114710 - B37 D schaWaPu	100.9	68
AFO110	1	004 (AFO110) 	 865091908 - B48 B20 TUE1	68.92481356	68
AFO110	1	004 (AFO110) 	 865091909 - B48 B20 TUE1	68.71187739	68
AFO110	1	004 (AFO110) 	 869972505 - B38 A15 TUE1	68.39927007	68
AFO110	1	004 (AFO110) 	 874202202 - B38 A15 TUE1 FTA	68.25939227	68
AFO130	1	001 (AFO120) 	 851333313 - B37 C	38.82042042	41
AFO130	1	001 (AFO120) 	 851434009 - B37 D	37.41363636	41
AFO130	1	001 (AFO120) 	 857586909 - B37 C schaWaPu	38.43065476	41
AFO130	1	001 (AFO120) 	 858070507 - B37 C15 TUE1	38.49530378	41
AFO130	1	001 (AFO120) 	 858114710 - B37 D schaWaPu	39.22980769	41
AFO130	1	001 (AFO120) 	 865091908 - B48 B20 TUE1	38.70368508	41
AFO130	1	001 (AFO120) 	 865091909 - B48 B20 TUE1	38.56144054	41
AFO130	1	001 (AFO120) 	 869972505 - B38 A15 TUE1	38.6043823	41
AFO130	1	001 (AFO120) 	 874202202 - B38 A15 TUE1 FTA	38.47767458	41
AFO130	1	002 (AFO130) 	 851333313 - B37 C	156.8275862	153.5
AFO130	1	002 (AFO130) 	 851434009 - B37 D	152.8	153.5
AFO130	1	002 (AFO130) 	 857586909 - B37 C schaWaPu	162.6946429	160
AFO130	1	002 (AFO130) 	 858070507 - B37 C15 TUE1	162.2715152	161.5
AFO130	1	002 (AFO130) 	 858114710 - B37 D schaWaPu	161.9082873	160
AFO130	1	002 (AFO130) 	 865091908 - B48 B20 TUE1	163.260053	162
AFO130	1	002 (AFO130) 	 865091909 - B48 B20 TUE1	164.1957276	162
AFO130	1	002 (AFO130) 	 869972505 - B38 A15 TUE1	170.8360065	172.5
AFO130	1	002 (AFO130) 	 874202202 - B38 A15 TUE1 FTA	171.031137	170
AFO130	1	003 (AFO130) 	 851333313 - B37 C	160.9744186	153.5
AFO130	1	003 (AFO130) 	 851434009 - B37 D	166	153.5
AFO130	1	003 (AFO130) 	 858070507 - B37 C15 TUE1	162.7499091	161.5
AFO130	1	003 (AFO130) 	 858114710 - B37 D schaWaPu	166.3413793	160
AFO130	1	003 (AFO130) 	 865091908 - B48 B20 TUE1	162.7976172	162
AFO130	1	003 (AFO130) 	 865091909 - B48 B20 TUE1	163.1817308	162
AFO130	1	003 (AFO130) 	 869972505 - B38 A15 TUE1	165.2946429	172.5
AFO130	1	003 (AFO130) 	 874202202 - B38 A15 TUE1 FTA	165.9595703	170
AFO130	1	004 (AFO130) 	 858070507 - B37 C15 TUE1	162.5173521	161.5
AFO130	1	004 (AFO130) 	 865091908 - B48 B20 TUE1	163.1986728	162
AFO130	1	004 (AFO130) 	 865091909 - B48 B20 TUE1	163.6110968	162
AFO130	1	004 (AFO130) 	 869972505 - B38 A15 TUE1	163.1345376	172.5
AFO130	1	004 (AFO130) 	 874202202 - B38 A15 TUE1 FTA	164.0446636	170
AFO130	1	005 (AFO130) 	 858070507 - B37 C15 TUE1	162.8574163	161.5
AFO130	1	005 (AFO130) 	 865091908 - B48 B20 TUE1	163.18782	162
AFO130	1	005 (AFO130) 	 865091909 - B48 B20 TUE1	163.9250407	162
AFO130	1	005 (AFO130) 	 869972505 - B38 A15 TUE1	172.884862	172.5
AFO130	1	005 (AFO130) 	 874202202 - B38 A15 TUE1 FTA	171.7919312	170
AFO140	1	001 (AFO140) 	 851333313 - B37 C	64.53575419	70
AFO140	1	001 (AFO140) 	 851434009 - B37 D	66.77943262	70
AFO140	1	001 (AFO140) 	 857586909 - B37 C schaWaPu	66.18412698	70
AFO140	1	001 (AFO140) 	 858070507 - B37 C15 TUE1	74.46338717	70
AFO140	1	001 (AFO140) 	 858114710 - B37 D schaWaPu	70.3	70
AFO140	1	001 (AFO140) 	 865091908 - B48 B20 TUE1	85.19303067	89
AFO140	1	001 (AFO140) 	 865091909 - B48 B20 TUE1	79.49362973	80
AFO140	1	001 (AFO140) 	 869972505 - B38 A15 TUE1	77.56355697	80
AFO140	1	001 (AFO140) 	 874202202 - B38 A15 TUE1 FTA	68.74809365	70
AFO140	1	002 (AFO140) 	 851333313 - B37 C	64.32872928	70
AFO140	1	002 (AFO140) 	 851434009 - B37 D	74.74893617	70
AFO140	1	002 (AFO140) 	 857586909 - B37 C schaWaPu	69.40740741	70
AFO140	1	002 (AFO140) 	 858070507 - B37 C15 TUE1	78.46763706	70
AFO140	1	002 (AFO140) 	 858114710 - B37 D schaWaPu	78.81711712	70
AFO140	1	002 (AFO140) 	 865091908 - B48 B20 TUE1	87.6775689	89
AFO140	1	002 (AFO140) 	 865091909 - B48 B20 TUE1	79.51077128	80
AFO140	1	002 (AFO140) 	 869972505 - B38 A15 TUE1	77.74771553	80
AFO140	1	002 (AFO140) 	 874202202 - B38 A15 TUE1 FTA	69.26153846	70
AFO140	1	003 (AFO140) 	 851333313 - B37 C	66.30193548	70
AFO140	1	003 (AFO140) 	 851434009 - B37 D	75.7952	70
AFO140	1	003 (AFO140) 	 857586909 - B37 C schaWaPu	69.38367347	70
AFO140	1	003 (AFO140) 	 858070507 - B37 C15 TUE1	76.82928731	70
AFO140	1	003 (AFO140) 	 858114710 - B37 D schaWaPu	77.93434343	70
AFO140	1	003 (AFO140) 	 865091908 - B48 B20 TUE1	85.0776	89
AFO140	1	003 (AFO140) 	 865091909 - B48 B20 TUE1	79.79303279	80
AFO140	1	003 (AFO140) 	 869972505 - B38 A15 TUE1	77.38288445	80
AFO140	1	003 (AFO140) 	 874202202 - B38 A15 TUE1 FTA	69.9890614	70
AFO140	1	004 (AFO140) 	 851333313 - B37 C	64.88397436	70
AFO140	1	004 (AFO140) 	 851434009 - B37 D	77.14	70
AFO140	1	004 (AFO140) 	 857586909 - B37 C schaWaPu	66.40068027	70
AFO140	1	004 (AFO140) 	 858070507 - B37 C15 TUE1	79.45824983	70
AFO140	1	004 (AFO140) 	 858114710 - B37 D schaWaPu	77.82121212	70
AFO140	1	004 (AFO140) 	 865091908 - B48 B20 TUE1	85.47089751	89
AFO140	1	004 (AFO140) 	 865091909 - B48 B20 TUE1	79.44808482	80
AFO140	1	004 (AFO140) 	 869972505 - B38 A15 TUE1	79.30230235	80
AFO140	1	004 (AFO140) 	 874202202 - B38 A15 TUE1 FTA	69.90943662	70
AFO140	1	005 (AFO150) 	 851333313 - B37 C	34.55207101	40
AFO140	1	005 (AFO150) 	 851434009 - B37 D	35.88646617	40
AFO140	1	005 (AFO150) 	 857586909 - B37 C schaWaPu	33.5125	40
AFO140	1	005 (AFO150) 	 858070507 - B37 C15 TUE1	39.59001957	40
AFO140	1	005 (AFO150) 	 858114710 - B37 D schaWaPu	34.98809524	40
AFO140	1	005 (AFO150) 	 865091908 - B48 B20 TUE1	41.23515861	43
AFO140	1	005 (AFO150) 	 865091909 - B48 B20 TUE1	39.3771912	40
AFO140	1	005 (AFO150) 	 869972505 - B38 A15 TUE1	39.57051255	40
AFO140	1	005 (AFO150) 	 874202202 - B38 A15 TUE1 FTA	39.62368872	40
AFO160	1	001 (AFO160) 	 865091908 - B48 B20 TUE1	37.92037605	38
AFO160	1	001 (AFO160) 	 865091909 - B48 B20 TUE1	37.91177945	38
AFO160	1	001 (AFO160) 	 869972505 - B38 A15 TUE1	35.61939418	38
AFO160	1	001 (AFO160) 	 874202202 - B38 A15 TUE1 FTA	35.66700379	38
AFO160	1	002 (AFO160) 	 851333313 - B37 C	37.309375	37.2
AFO160	1	002 (AFO160) 	 851434009 - B37 D	37.30039063	37.2
AFO160	1	002 (AFO160) 	 857586909 - B37 C schaWaPu	36.91964809	37
AFO160	1	002 (AFO160) 	 858114710 - B37 D schaWaPu	37.20144231	37
AFO160	1	003 (AFO160) 	 865091908 - B48 B20 TUE1	37.89994329	38
AFO160	1	003 (AFO160) 	 865091909 - B48 B20 TUE1	37.95550847	38
AFO160	1	003 (AFO160) 	 869972505 - B38 A15 TUE1	35.98088106	38
AFO160	1	003 (AFO160) 	 874202202 - B38 A15 TUE1 FTA	36.02454078	38
AFO160	1	004 (AFO160) 	 858070507 - B37 C15 TUE1	37.93922905	38
AFO170	1	001 (AFO170) 	 101937802 - B48 B20 EDN BBG 2.2	24.352	30.9
AFO170	1	001 (AFO170) 	 851333313 - B37 C	30.63625	30.9
AFO170	1	001 (AFO170) 	 851434009 - B37 D	25.91558935	30.9
AFO170	1	001 (AFO170) 	 857586909 - B37 C schaWaPu	38.72455621	55
AFO170	1	001 (AFO170) 	 858070507 - B37 C15 TUE1	30.51598784	30.9
AFO170	1	001 (AFO170) 	 858114710 - B37 D schaWaPu	25.79183673	55
AFO170	1	001 (AFO170) 	 865091908 - B48 B20 TUE1	22.62914691	30.9
AFO170	1	001 (AFO170) 	 865091909 - B48 B20 TUE1	22.48250429	30.9
AFO170	1	001 (AFO170) 	 869972505 - B38 A15 TUE1	22.72679466	30.9
AFO170	1	001 (AFO170) 	 874202202 - B38 A15 TUE1 FTA	22.67480124	30.9
AFO170	1	004 (AFO174) 	 101937802 - B48 B20 EDN BBG 2.2	35.064	38
AFO170	1	004 (AFO174) 	 851333313 - B37 C	35.38934169	38
AFO170	1	004 (AFO174) 	 851434009 - B37 D	33.62748092	38
AFO170	1	004 (AFO174) 	 857586909 - B37 C schaWaPu	34.25325444	38
AFO170	1	004 (AFO174) 	 858070507 - B37 C15 TUE1	33.86222584	38
AFO170	1	004 (AFO174) 	 858114710 - B37 D schaWaPu	33.83316327	38
AFO170	1	004 (AFO174) 	 865091908 - B48 B20 TUE1	33.23656627	38
AFO170	1	004 (AFO174) 	 865091909 - B48 B20 TUE1	33.26936813	38
AFO170	1	004 (AFO174) 	 869972505 - B38 A15 TUE1	33.55303568	38
AFO170	1	004 (AFO174) 	 874202202 - B38 A15 TUE1 FTA	33.65031099	38
AFO170	1	005 (AFO175) 	 101937802 - B48 B20 EDN BBG 2.2	42.87391304	38
AFO170	1	005 (AFO175) 	 851333313 - B37 C	37.03710692	38
AFO170	1	005 (AFO175) 	 851434009 - B37 D	36.70912548	38
AFO170	1	005 (AFO175) 	 857586909 - B37 C schaWaPu	37.25946746	38
AFO170	1	005 (AFO175) 	 858070507 - B37 C15 TUE1	36.72845979	38
AFO170	1	005 (AFO175) 	 858114710 - B37 D schaWaPu	36.40153061	38
AFO170	1	005 (AFO175) 	 865091908 - B48 B20 TUE1	38.15394753	38
AFO170	1	005 (AFO175) 	 865091909 - B48 B20 TUE1	38.14274415	38
AFO170	1	005 (AFO175) 	 869972505 - B38 A15 TUE1	36.65892298	38
AFO170	1	005 (AFO175) 	 874202202 - B38 A15 TUE1 FTA	36.62187284	38
AFO170	1	006 (AFO176) 	 851333313 - B37 C	30.91388013	30.9
AFO170	1	006 (AFO176) 	 851434009 - B37 D	33.19809886	38
AFO170	1	006 (AFO176) 	 857586909 - B37 C schaWaPu	35.17011834	55
AFO170	1	006 (AFO176) 	 858070507 - B37 C15 TUE1	32.91800716	38
AFO170	1	006 (AFO176) 	 865091908 - B48 B20 TUE1	31.21833196	38
AFO170	1	006 (AFO176) 	 865091909 - B48 B20 TUE1	31.30936097	38
AFO170	1	006 (AFO176) 	 869972505 - B38 A15 TUE1	29.33111436	38
AFO170	1	006 (AFO176) 	 874202202 - B38 A15 TUE1 FTA	28.90297064	38
AFO170	1	006 (AFO176) 	 999995701 - Meister B48 B20 TUE1	19.4490566	30.9
AFO190	1	001 (AFO180) 	 101937802 - B48 B20 EDN BBG 2.2	28.99705882	142
AFO190	1	001 (AFO180) 	 851333313 - B37 C	30.75382436	38
AFO190	1	001 (AFO180) 	 851434009 - B37 D	30.79416342	38
AFO190	1	001 (AFO180) 	 857586909 - B37 C schaWaPu	30.80816901	38
AFO190	1	001 (AFO180) 	 858070507 - B37 C15 TUE1	30.84708665	142
AFO190	1	001 (AFO180) 	 858114710 - B37 D schaWaPu	30.67704082	38
AFO190	1	001 (AFO180) 	 865091908 - B48 B20 TUE1	29.67007114	142
AFO190	1	001 (AFO180) 	 865091909 - B48 B20 TUE1	29.60503448	142
AFO190	1	001 (AFO180) 	 869972505 - B38 A15 TUE1	30.74655067	142
AFO190	1	001 (AFO180) 	 874202202 - B38 A15 TUE1 FTA	30.85070281	142
AFO190	1	002 (AFO190) 	 101937802 - B48 B20 EDN BBG 2.2	124.6642857	152
AFO190	1	002 (AFO190) 	 851333313 - B37 C	167.1323232	152
AFO190	1	002 (AFO190) 	 851434009 - B37 D	151.252459	152
AFO190	1	002 (AFO190) 	 857586909 - B37 C schaWaPu	163.1650485	152
AFO190	1	002 (AFO190) 	 858070507 - B37 C15 TUE1	173.2639213	152
AFO190	1	002 (AFO190) 	 858114710 - B37 D schaWaPu	169.4318182	152
AFO190	1	002 (AFO190) 	 865091908 - B48 B20 TUE1	171.4997595	152
AFO190	1	002 (AFO190) 	 865091909 - B48 B20 TUE1	165.7148802	152
AFO190	1	002 (AFO190) 	 869972505 - B38 A15 TUE1	165.830236	152
AFO190	1	002 (AFO190) 	 874202202 - B38 A15 TUE1 FTA	162.639881	152
AFO190	1	003 (AFO190) 	 101937802 - B48 B20 EDN BBG 2.2	156.475	152
AFO190	1	003 (AFO190) 	 851333313 - B37 C	166.8738636	152
AFO190	1	003 (AFO190) 	 851434009 - B37 D	161.6208955	152
AFO190	1	003 (AFO190) 	 857586909 - B37 C schaWaPu	161.844	152
AFO190	1	003 (AFO190) 	 858070507 - B37 C15 TUE1	174.9404429	152
AFO190	1	003 (AFO190) 	 858114710 - B37 D schaWaPu	153.4333333	152
AFO190	1	003 (AFO190) 	 865091908 - B48 B20 TUE1	171.8779776	152
AFO190	1	003 (AFO190) 	 865091909 - B48 B20 TUE1	165.237037	152
AFO190	1	003 (AFO190) 	 869972505 - B38 A15 TUE1	166.7772029	152
AFO190	1	003 (AFO190) 	 874202202 - B38 A15 TUE1 FTA	162.477375	152
AFO190	1	004 (AFO190) 	 101937802 - B48 B20 EDN BBG 2.2	125.6923077	152
AFO190	1	004 (AFO190) 	 851333313 - B37 C	182.45	152
AFO190	1	004 (AFO190) 	 851434009 - B37 D	146.2381579	152
AFO190	1	004 (AFO190) 	 857586909 - B37 C schaWaPu	222.3246753	152
AFO190	1	004 (AFO190) 	 858070507 - B37 C15 TUE1	196.7406186	152
AFO190	1	004 (AFO190) 	 858114710 - B37 D schaWaPu	142.1591837	152
AFO190	1	004 (AFO190) 	 865091908 - B48 B20 TUE1	196.7129949	152
AFO190	1	004 (AFO190) 	 865091909 - B48 B20 TUE1	169.8637602	152
AFO190	1	004 (AFO190) 	 869972505 - B38 A15 TUE1	184.1774834	152
AFO190	1	004 (AFO190) 	 874202202 - B38 A15 TUE1 FTA	188.4991643	152
AFO190	1	005 (AFO190) 	 101937802 - B48 B20 EDN BBG 2.2	161.3666667	152
AFO190	1	005 (AFO190) 	 851333313 - B37 C	205.5467532	152
AFO190	1	005 (AFO190) 	 851434009 - B37 D	151.7333333	152
AFO190	1	005 (AFO190) 	 857586909 - B37 C schaWaPu	241.5210526	152
AFO190	1	005 (AFO190) 	 858070507 - B37 C15 TUE1	199.0350585	152
AFO190	1	005 (AFO190) 	 858114710 - B37 D schaWaPu	153.4865385	152
AFO190	1	005 (AFO190) 	 865091908 - B48 B20 TUE1	198.8933528	152
AFO190	1	005 (AFO190) 	 865091909 - B48 B20 TUE1	178.6170015	152
AFO190	1	005 (AFO190) 	 869972505 - B38 A15 TUE1	184.765293	152
AFO190	1	005 (AFO190) 	 874202202 - B38 A15 TUE1 FTA	195.1057187	152
AFO220	1	001 (AFO220) 	 101937802 - B48 B20 EDN BBG 2.2	33.47352941	35
AFO220	1	001 (AFO220) 	 851333313 - B37 C	34.25131195	35
AFO220	1	001 (AFO220) 	 851434009 - B37 D	34.36015936	35
AFO220	1	001 (AFO220) 	 857586909 - B37 C schaWaPu	35.17834758	35
AFO220	1	001 (AFO220) 	 858070507 - B37 C15 TUE1	35.26273464	35
AFO220	1	001 (AFO220) 	 858114710 - B37 D schaWaPu	35.32916667	35
AFO220	1	001 (AFO220) 	 860589009 - B38 B15	40.75	34.8
AFO220	1	001 (AFO220) 	 865091907 - B48 B20 TUE1	55.5	35
AFO220	1	001 (AFO220) 	 865091908 - B48 B20 TUE1	35.20700162	35
AFO220	1	001 (AFO220) 	 865091909 - B48 B20 TUE1	35.3392831	35
AFO220	1	001 (AFO220) 	 869972505 - B38 A15 TUE1	35.18319559	35
AFO220	1	001 (AFO220) 	 874202202 - B38 A15 TUE1 FTA	34.84908336	35